x-axis,1,D0-D7
second,Volt,
-471.0000E-06,,0
-470.5000E-06,,0
-470.0000E-06,-3.0402010E-03,3
-469.5000E-06,+3.4924622E-03,3
-469.0000E-06,-2.5376885E-03,3
-468.5000E-06,+4.9999999E-03,3
-468.0000E-06,-3.0402010E-03,3
-467.5000E-06,-3.0402010E-03,3
-467.0000E-06,-3.0402010E-03,3
-466.5000E-06,+7.0100501E-03,3
-466.0000E-06,+4.9999999E-03,3
-465.5000E-06,+4.9999999E-03,3
-465.0000E-06,+4.9999999E-03,3
-464.5000E-06,-8.5678392E-03,3
-464.0000E-06,+4.9999999E-03,3
-463.5000E-06,-3.0402010E-03,3
-463.0000E-06,+4.9999999E-03,3
-462.5000E-06,-527.6382E-06,3
-462.0000E-06,-3.0402010E-03,3
-461.5000E-06,+13.0402008E-03,3
-461.0000E-06,-3.0402010E-03,3
-460.5000E-06,+2.9899497E-03,3
-460.0000E-06,+4.9999999E-03,3
-459.5000E-06,+3.4924622E-03,3
-459.0000E-06,-10.5778894E-03,3
-458.5000E-06,+2.9899497E-03,3
-458.0000E-06,-3.0402010E-03,3
-457.5000E-06,+4.9999999E-03,3
-457.0000E-06,+4.9999999E-03,3
-456.5000E-06,-527.6382E-06,3
-456.0000E-06,+4.9999999E-03,3
-455.5000E-06,+4.9999999E-03,3
-455.0000E-06,+12.5376882E-03,3
-454.5000E-06,-3.0402010E-03,3
-454.0000E-06,-3.0402010E-03,3
-453.5000E-06,-3.0402010E-03,3
-453.0000E-06,+4.9999999E-03,3
-452.5000E-06,+2.9899497E-03,3
-452.0000E-06,+979.8994E-06,3
-451.5000E-06,+11.0301506E-03,3
-451.0000E-06,+4.9999999E-03,3
-450.5000E-06,+4.9999999E-03,3
-450.0000E-06,+4.9999999E-03,3
-449.5000E-06,-3.0402010E-03,3
-449.0000E-06,+4.9999999E-03,3
-448.5000E-06,-3.0402010E-03,3
-448.0000E-06,+4.9999999E-03,2
-447.5000E-06,-3.0402010E-03,2
-447.0000E-06,+4.9999999E-03,2
-446.5000E-06,+2.9899497E-03,2
-446.0000E-06,+4.9999999E-03,2
-445.5000E-06,-3.0402010E-03,2
-445.0000E-06,+4.9999999E-03,2
-444.5000E-06,+2.9899497E-03,2
-444.0000E-06,+1.4824120E-03,2
-443.5000E-06,-1.0301508E-03,2
-443.0000E-06,-3.0402010E-03,2
-442.5000E-06,+13.0402008E-03,2
-442.0000E-06,+8.5175878E-03,2
-441.5000E-06,-9.0703517E-03,2
-441.0000E-06,-2.5376885E-03,2
-440.5000E-06,-11.0804019E-03,2
-440.0000E-06,+1.4824120E-03,2
-439.5000E-06,+9.0201003E-03,2
-439.0000E-06,+4.9999999E-03,2
-438.5000E-06,-527.6382E-06,2
-438.0000E-06,+9.0201003E-03,2
-437.5000E-06,+4.9999999E-03,2
-437.0000E-06,-2.5376885E-03,2
-436.5000E-06,+4.9999999E-03,2
-436.0000E-06,+4.9999999E-03,2
-435.5000E-06,-1.0301508E-03,2
-435.0000E-06,+4.9999999E-03,2
-434.5000E-06,-3.0402010E-03,2
-434.0000E-06,-3.0402010E-03,2
-433.5000E-06,+4.9999999E-03,2
-433.0000E-06,+4.9999999E-03,2
-432.5000E-06,+2.9899497E-03,2
-432.0000E-06,-3.0402010E-03,2
-431.5000E-06,-1.0301508E-03,2
-431.0000E-06,+4.9999999E-03,2
-430.5000E-06,+2.9899497E-03,2
-430.0000E-06,+979.8994E-06,2
-429.5000E-06,+4.9999999E-03,2
-429.0000E-06,-2.5376885E-03,2
-428.5000E-06,-3.0402010E-03,2
-428.0000E-06,+1.4824120E-03,2
-427.5000E-06,-3.0402010E-03,2
-427.0000E-06,-2.5376885E-03,2
-426.5000E-06,+4.9999999E-03,2
-426.0000E-06,+8.5175878E-03,2
-425.5000E-06,-3.0402010E-03,2
-425.0000E-06,+4.9999999E-03,2
-424.5000E-06,-3.0402010E-03,2
-424.0000E-06,+4.9999999E-03,2
-423.5000E-06,-7.0603015E-03,2
-423.0000E-06,+4.9999999E-03,2
-422.5000E-06,+2.9899497E-03,2
-422.0000E-06,+1.4824120E-03,2
-421.5000E-06,+3.4924622E-03,2
-421.0000E-06,-26.6582912E-03,0
-420.5000E-06,+4.9999999E-03,0
-420.0000E-06,+979.8994E-06,0
-419.5000E-06,-3.0402010E-03,0
-419.0000E-06,+4.9999999E-03,0
-418.5000E-06,-3.0402010E-03,0
-418.0000E-06,+4.9999999E-03,0
-417.5000E-06,+4.9999999E-03,0
-417.0000E-06,-3.0402010E-03,0
-416.5000E-06,-527.6382E-06,0
-416.0000E-06,-3.0402010E-03,0
-415.5000E-06,+3.4924622E-03,0
-415.0000E-06,+4.9999999E-03,0
-414.5000E-06,+4.9999999E-03,0
-414.0000E-06,-3.0402010E-03,0
-413.5000E-06,+3.4924622E-03,0
-413.0000E-06,-3.0402010E-03,0
-412.5000E-06,-527.6382E-06,0
-412.0000E-06,+979.8994E-06,0
-411.5000E-06,+4.9999999E-03,0
-411.0000E-06,+4.9999999E-03,0
-410.5000E-06,+13.0402008E-03,0
-410.0000E-06,+1.4824120E-03,0
-409.5000E-06,-3.0402010E-03,0
-409.0000E-06,-3.0402010E-03,0
-408.5000E-06,+4.9999999E-03,0
-408.0000E-06,+4.9999999E-03,0
-407.5000E-06,-3.0402010E-03,0
-407.0000E-06,-3.0402010E-03,0
-406.5000E-06,+4.9999999E-03,0
-406.0000E-06,+1.4824120E-03,0
-405.5000E-06,-1.0301508E-03,0
-405.0000E-06,-3.0402010E-03,0
-404.5000E-06,+4.9999999E-03,0
-404.0000E-06,+979.8994E-06,0
-403.5000E-06,+4.9999999E-03,0
-403.0000E-06,+4.9999999E-03,0
-402.5000E-06,-6.5577889E-03,0
-402.0000E-06,+9.0201003E-03,0
-401.5000E-06,-1.0301508E-03,0
-401.0000E-06,+4.9999999E-03,0
-400.5000E-06,+4.9999999E-03,0
-400.0000E-06,-11.0804019E-03,0
-399.5000E-06,+4.9999999E-03,0
-399.0000E-06,-3.0402010E-03,0
-398.5000E-06,+4.9999999E-03,0
-398.0000E-06,-3.0402010E-03,0
-397.5000E-06,-3.0402010E-03,0
-397.0000E-06,+4.9999999E-03,0
-396.5000E-06,-3.0402010E-03,0
-396.0000E-06,+1.4824120E-03,0
-395.5000E-06,+4.9999999E-03,0
-395.0000E-06,-3.0402010E-03,0
-394.5000E-06,+2.9899497E-03,0
-394.0000E-06,+4.9999999E-03,0
-393.5000E-06,+4.9999999E-03,0
-393.0000E-06,-2.5376885E-03,0
-392.5000E-06,-3.0402010E-03,0
-392.0000E-06,+4.9999999E-03,0
-391.5000E-06,+41.6834166E-03,1
-391.0000E-06,-10.5778894E-03,1
-390.5000E-06,+4.9999999E-03,1
-390.0000E-06,+4.9999999E-03,1
-389.5000E-06,-3.0402010E-03,1
-389.0000E-06,+4.9999999E-03,1
-388.5000E-06,+2.9899497E-03,1
-388.0000E-06,+1.4824120E-03,1
-387.5000E-06,+4.9999999E-03,1
-387.0000E-06,+13.0402008E-03,1
-386.5000E-06,-3.0402010E-03,1
-386.0000E-06,+4.9999999E-03,1
-385.5000E-06,+3.4924622E-03,1
-385.0000E-06,+4.9999999E-03,1
-384.5000E-06,-3.0402010E-03,1
-384.0000E-06,+1.4824120E-03,1
-383.5000E-06,+11.0301506E-03,1
-383.0000E-06,-3.0402010E-03,1
-382.5000E-06,+2.9899497E-03,1
-382.0000E-06,-3.0402010E-03,1
-381.5000E-06,-1.0301508E-03,1
-381.0000E-06,-3.0402010E-03,1
-380.5000E-06,-527.6382E-06,1
-380.0000E-06,-3.0402010E-03,1
-379.5000E-06,+3.4924622E-03,1
-379.0000E-06,+4.9999999E-03,1
-378.5000E-06,+4.9999999E-03,1
-378.0000E-06,+4.9999999E-03,1
-377.5000E-06,+3.4924622E-03,1
-377.0000E-06,-2.5376885E-03,1
-376.5000E-06,+4.9999999E-03,1
-376.0000E-06,+4.9999999E-03,1
-375.5000E-06,-1.0301508E-03,1
-375.0000E-06,+4.9999999E-03,1
-374.5000E-06,+4.9999999E-03,1
-374.0000E-06,-3.0402010E-03,1
-373.5000E-06,+4.9999999E-03,1
-373.0000E-06,+4.9999999E-03,1
-372.5000E-06,+2.9899497E-03,1
-372.0000E-06,+4.9999999E-03,1
-371.5000E-06,-3.0402010E-03,1
-371.0000E-06,-2.5376885E-03,1
-370.5000E-06,+2.9899497E-03,1
-370.0000E-06,+4.9999999E-03,1
-369.5000E-06,+3.4924622E-03,1
-369.0000E-06,+4.9999999E-03,1
-368.5000E-06,+4.9999999E-03,1
-368.0000E-06,+979.8994E-06,1
-367.5000E-06,+3.4924622E-03,1
-367.0000E-06,+4.9999999E-03,1
-366.5000E-06,-3.0402010E-03,1
-366.0000E-06,-6.5577889E-03,1
-365.5000E-06,+4.9999999E-03,1
-365.0000E-06,+4.9999999E-03,1
-364.5000E-06,-527.6382E-06,1
-364.0000E-06,-3.0402010E-03,1
-363.5000E-06,+11.0301506E-03,1
-363.0000E-06,-3.0402010E-03,1
-362.5000E-06,+4.9999999E-03,1
-362.0000E-06,+9.0201003E-03,1
-361.5000E-06,-11.0804019E-03,3
-361.0000E-06,-2.5376885E-03,3
-360.5000E-06,+4.9999999E-03,3
-360.0000E-06,-3.0402010E-03,3
-359.5000E-06,+3.4924622E-03,3
-359.0000E-06,-2.5376885E-03,3
-358.5000E-06,+2.9899497E-03,3
-358.0000E-06,+4.9999999E-03,3
-357.5000E-06,-3.0402010E-03,3
-357.0000E-06,-2.5376885E-03,3
-356.5000E-06,+2.9899497E-03,3
-356.0000E-06,-3.0402010E-03,3
-355.5000E-06,-9.0703517E-03,3
-355.0000E-06,-3.0402010E-03,3
-354.5000E-06,+2.9899497E-03,3
-354.0000E-06,+4.9999999E-03,3
-353.5000E-06,-1.0301508E-03,3
-353.0000E-06,-3.0402010E-03,3
-352.5000E-06,+10.5276380E-03,3
-352.0000E-06,-3.0402010E-03,3
-351.5000E-06,-3.0402010E-03,3
-351.0000E-06,+4.9999999E-03,3
-350.5000E-06,-527.6382E-06,3
-350.0000E-06,+4.9999999E-03,3
-349.5000E-06,+3.4924622E-03,3
-349.0000E-06,-3.0402010E-03,3
-348.5000E-06,+2.9899497E-03,3
-348.0000E-06,-3.0402010E-03,3
-347.5000E-06,-1.0301508E-03,3
-347.0000E-06,+4.9999999E-03,3
-346.5000E-06,-527.6382E-06,3
-346.0000E-06,+979.8994E-06,3
-345.5000E-06,+4.9999999E-03,3
-345.0000E-06,-3.0402010E-03,3
-344.5000E-06,+2.9899497E-03,3
-344.0000E-06,-3.0402010E-03,3
-343.5000E-06,-3.0402010E-03,3
-343.0000E-06,+4.9999999E-03,3
-342.5000E-06,+2.9899497E-03,3
-342.0000E-06,+4.9999999E-03,3
-341.5000E-06,+4.9999999E-03,3
-341.0000E-06,+4.9999999E-03,3
-340.5000E-06,-527.6382E-06,3
-340.0000E-06,+4.9999999E-03,3
-339.5000E-06,+11.0301506E-03,3
-339.0000E-06,-3.0402010E-03,3
-338.5000E-06,+4.9999999E-03,3
-338.0000E-06,+4.9999999E-03,3
-337.5000E-06,+4.9999999E-03,3
-337.0000E-06,-2.5376885E-03,3
-336.5000E-06,-3.0402010E-03,3
-336.0000E-06,-3.0402010E-03,3
-335.5000E-06,+4.9999999E-03,3
-335.0000E-06,-2.5376885E-03,3
-334.5000E-06,+4.9999999E-03,3
-334.0000E-06,+8.5175878E-03,3
-333.5000E-06,+3.4924622E-03,3
-333.0000E-06,+4.9999999E-03,3
-332.5000E-06,-527.6382E-06,3
-332.0000E-06,-3.0402010E-03,3
-331.5000E-06,-1.0301508E-03,2
-331.0000E-06,-3.0402010E-03,2
-330.5000E-06,-527.6382E-06,2
-330.0000E-06,+4.9999999E-03,2
-329.5000E-06,-4.5477387E-03,2
-329.0000E-06,+4.9999999E-03,2
-328.5000E-06,+10.5276380E-03,2
-328.0000E-06,-3.0402010E-03,2
-327.5000E-06,-3.0402010E-03,2
-327.0000E-06,-3.0402010E-03,2
-326.5000E-06,+4.9999999E-03,2
-326.0000E-06,+1.4824120E-03,2
-325.5000E-06,+9.0201003E-03,2
-325.0000E-06,-3.0402010E-03,2
-324.5000E-06,-527.6382E-06,2
-324.0000E-06,+4.9999999E-03,2
-323.5000E-06,+4.9999999E-03,2
-323.0000E-06,-2.5376885E-03,2
-322.5000E-06,+2.9899497E-03,2
-322.0000E-06,-3.0402010E-03,2
-321.5000E-06,+6.5075376E-03,2
-321.0000E-06,-2.5376885E-03,2
-320.5000E-06,-527.6382E-06,2
-320.0000E-06,+4.9999999E-03,2
-319.5000E-06,-3.0402010E-03,2
-319.0000E-06,-3.0402010E-03,2
-318.5000E-06,+2.9899497E-03,2
-318.0000E-06,+9.0201003E-03,2
-317.5000E-06,-3.0402010E-03,2
-317.0000E-06,-2.5376885E-03,2
-316.5000E-06,+4.9999999E-03,2
-316.0000E-06,-3.0402010E-03,2
-315.5000E-06,+3.4924622E-03,2
-315.0000E-06,+4.9999999E-03,2
-314.5000E-06,+4.9999999E-03,2
-314.0000E-06,-7.0603015E-03,2
-313.5000E-06,-1.0301508E-03,2
-313.0000E-06,+4.9999999E-03,2
-312.5000E-06,-3.0402010E-03,2
-312.0000E-06,-3.0402010E-03,2
-311.5000E-06,-3.0402010E-03,2
-311.0000E-06,+12.5376882E-03,2
-310.5000E-06,+2.9899497E-03,2
-310.0000E-06,+4.9999999E-03,2
-309.5000E-06,-3.0402010E-03,2
-309.0000E-06,+4.9999999E-03,2
-308.5000E-06,-527.6382E-06,2
-308.0000E-06,+979.8994E-06,2
-307.5000E-06,-1.0301508E-03,2
-307.0000E-06,+4.9999999E-03,2
-306.5000E-06,+4.9999999E-03,2
-306.0000E-06,-3.0402010E-03,2
-305.5000E-06,-3.0402010E-03,2
-305.0000E-06,+4.9999999E-03,2
-304.5000E-06,+2.9899497E-03,2
-304.0000E-06,-3.0402010E-03,2
-303.5000E-06,-3.0402010E-03,2
-303.0000E-06,+4.9999999E-03,0
-302.5000E-06,-3.0402010E-03,0
-302.0000E-06,+4.9999999E-03,0
-301.5000E-06,+3.4924622E-03,0
-301.0000E-06,-2.5376885E-03,0
-300.5000E-06,-3.0402010E-03,0
-300.0000E-06,+1.4824120E-03,0
-299.5000E-06,-4.5477387E-03,0
-299.0000E-06,+4.9999999E-03,0
-298.5000E-06,-527.6382E-06,0
-298.0000E-06,+1.4824120E-03,0
-297.5000E-06,-3.0402010E-03,0
-297.0000E-06,-3.0402010E-03,0
-296.5000E-06,-3.0402010E-03,0
-296.0000E-06,+4.9999999E-03,0
-295.5000E-06,+3.4924622E-03,0
-295.0000E-06,+4.9999999E-03,0
-294.5000E-06,-3.0402010E-03,0
-294.0000E-06,+13.0402008E-03,0
-293.5000E-06,-3.0402010E-03,0
-293.0000E-06,-3.0402010E-03,0
-292.5000E-06,+4.9999999E-03,0
-292.0000E-06,+1.4824120E-03,0
-291.5000E-06,-3.0402010E-03,0
-291.0000E-06,+4.9999999E-03,0
-290.5000E-06,-527.6382E-06,0
-290.0000E-06,-11.0804019E-03,0
-289.5000E-06,+13.0402008E-03,0
-289.0000E-06,+4.9999999E-03,0
-288.5000E-06,+4.9999999E-03,0
-288.0000E-06,+1.4824120E-03,0
-287.5000E-06,-1.0301508E-03,0
-287.0000E-06,+4.9999999E-03,0
-286.5000E-06,+4.9999999E-03,0
-286.0000E-06,+979.8994E-06,0
-285.5000E-06,+4.9999999E-03,0
-285.0000E-06,-2.5376885E-03,0
-284.5000E-06,+4.9999999E-03,0
-284.0000E-06,-3.0402010E-03,0
-283.5000E-06,-3.0402010E-03,0
-283.0000E-06,+12.5376882E-03,0
-282.5000E-06,+4.9999999E-03,0
-282.0000E-06,-3.0402010E-03,0
-281.5000E-06,-3.0402010E-03,0
-281.0000E-06,+4.9999999E-03,0
-280.5000E-06,-527.6382E-06,0
-280.0000E-06,+4.9999999E-03,0
-279.5000E-06,-1.0301508E-03,0
-279.0000E-06,+4.9999999E-03,0
-278.5000E-06,-3.0402010E-03,0
-278.0000E-06,+1.4824120E-03,0
-277.5000E-06,+4.9999999E-03,0
-277.0000E-06,-2.5376885E-03,0
-276.5000E-06,+10.5276380E-03,0
-276.0000E-06,+979.8994E-06,1
-275.5000E-06,+3.4924622E-03,1
-275.0000E-06,-2.5376885E-03,1
-274.5000E-06,-527.6382E-06,1
-274.0000E-06,-3.0402010E-03,1
-273.5000E-06,+4.9999999E-03,1
-273.0000E-06,+4.9999999E-03,1
-272.5000E-06,-3.0402010E-03,1
-272.0000E-06,+4.9999999E-03,1
-271.5000E-06,-1.0301508E-03,1
-271.0000E-06,+4.9999999E-03,1
-270.5000E-06,+4.9999999E-03,1
-270.0000E-06,-6.5577889E-03,1
-269.5000E-06,+4.9999999E-03,1
-269.0000E-06,+4.9999999E-03,1
-268.5000E-06,+10.5276380E-03,1
-268.0000E-06,-7.0603015E-03,1
-267.5000E-06,-1.0301508E-03,1
-267.0000E-06,-3.0402010E-03,1
-266.5000E-06,+7.0100501E-03,1
-266.0000E-06,+1.4824120E-03,1
-265.5000E-06,+4.9999999E-03,1
-265.0000E-06,-3.0402010E-03,1
-264.5000E-06,+4.9999999E-03,1
-264.0000E-06,+1.4824120E-03,1
-263.5000E-06,+6.5075376E-03,1
-263.0000E-06,+4.9999999E-03,1
-262.5000E-06,+4.9999999E-03,1
-262.0000E-06,+4.9999999E-03,1
-261.5000E-06,-3.0402010E-03,1
-261.0000E-06,+4.9999999E-03,1
-260.5000E-06,-3.0402010E-03,1
-260.0000E-06,-3.0402010E-03,1
-259.5000E-06,+4.9999999E-03,1
-259.0000E-06,+4.9999999E-03,1
-258.5000E-06,-3.0402010E-03,1
-258.0000E-06,-3.0402010E-03,1
-257.5000E-06,-1.0301508E-03,1
-257.0000E-06,-3.0402010E-03,1
-256.5000E-06,+2.9899497E-03,1
-256.0000E-06,-3.0402010E-03,1
-255.5000E-06,-3.0402010E-03,1
-255.0000E-06,-3.0402010E-03,1
-254.5000E-06,+4.9999999E-03,1
-254.0000E-06,+1.4824120E-03,1
-253.5000E-06,+4.9999999E-03,1
-253.0000E-06,-3.0402010E-03,1
-252.5000E-06,+4.9999999E-03,1
-252.0000E-06,-3.0402010E-03,1
-251.5000E-06,+4.9999999E-03,1
-251.0000E-06,+4.9999999E-03,1
-250.5000E-06,+2.9899497E-03,1
-250.0000E-06,-3.0402010E-03,1
-249.5000E-06,+11.0301506E-03,1
-249.0000E-06,+4.9999999E-03,3
-248.5000E-06,+7.0100501E-03,3
-248.0000E-06,+4.9999999E-03,3
-247.5000E-06,-3.0402010E-03,3
-247.0000E-06,-3.0402010E-03,3
-246.5000E-06,+4.9999999E-03,3
-246.0000E-06,+4.9999999E-03,3
-245.5000E-06,+3.4924622E-03,3
-245.0000E-06,-3.0402010E-03,3
-244.5000E-06,+4.9999999E-03,3
-244.0000E-06,-3.0402010E-03,3
-243.5000E-06,+3.4924622E-03,3
-243.0000E-06,-3.0402010E-03,3
-242.5000E-06,+4.9999999E-03,3
-242.0000E-06,-3.0402010E-03,3
-241.5000E-06,+3.4924622E-03,3
-241.0000E-06,-3.0402010E-03,3
-240.5000E-06,-3.0402010E-03,3
-240.0000E-06,+1.4824120E-03,3
-239.5000E-06,+3.4924622E-03,3
-239.0000E-06,-2.5376885E-03,3
-238.5000E-06,+2.9899497E-03,3
-238.0000E-06,+8.5175878E-03,3
-237.5000E-06,+3.4924622E-03,3
-237.0000E-06,-3.0402010E-03,3
-236.5000E-06,-6.5577889E-03,3
-236.0000E-06,+979.8994E-06,3
-235.5000E-06,+3.4924622E-03,3
-235.0000E-06,+12.5376882E-03,3
-234.5000E-06,+2.9899497E-03,3
-234.0000E-06,+8.5175878E-03,3
-233.5000E-06,-3.0402010E-03,3
-233.0000E-06,+4.9999999E-03,3
-232.5000E-06,+4.9999999E-03,3
-232.0000E-06,+4.9999999E-03,3
-231.5000E-06,-3.0402010E-03,3
-231.0000E-06,-2.5376885E-03,3
-230.5000E-06,-527.6382E-06,3
-230.0000E-06,+9.0201003E-03,3
-229.5000E-06,+3.4924622E-03,3
-229.0000E-06,-2.5376885E-03,3
-228.5000E-06,-527.6382E-06,3
-228.0000E-06,+4.9999999E-03,3
-227.5000E-06,+4.9999999E-03,3
-227.0000E-06,+12.5376882E-03,3
-226.5000E-06,+2.9899497E-03,3
-226.0000E-06,-3.0402010E-03,3
-225.5000E-06,-1.0301508E-03,3
-225.0000E-06,-3.0402010E-03,3
-224.5000E-06,-3.0402010E-03,3
-224.0000E-06,+4.9999999E-03,3
-223.5000E-06,+4.9999999E-03,3
-223.0000E-06,+4.9999999E-03,3
-222.5000E-06,+2.9899497E-03,3
-222.0000E-06,+4.9999999E-03,3
-221.5000E-06,-9.0703517E-03,2
-221.0000E-06,-2.5376885E-03,2
-220.5000E-06,-3.0402010E-03,2
-220.0000E-06,+979.8994E-06,2
-219.5000E-06,+4.9999999E-03,2
-219.0000E-06,-2.5376885E-03,2
-218.5000E-06,+2.9899497E-03,2
-218.0000E-06,+979.8994E-06,2
-217.5000E-06,+1.4824120E-03,2
-217.0000E-06,+4.9999999E-03,2
-216.5000E-06,-5.0502513E-03,2
-216.0000E-06,-3.0402010E-03,2
-215.5000E-06,+4.9999999E-03,2
-215.0000E-06,-3.0402010E-03,2
-214.5000E-06,-527.6382E-06,2
-214.0000E-06,-3.0402010E-03,2
-213.5000E-06,-1.0301508E-03,2
-213.0000E-06,+4.9999999E-03,2
-212.5000E-06,-527.6382E-06,2
-212.0000E-06,+979.8994E-06,2
-211.5000E-06,+4.9999999E-03,2
-211.0000E-06,+4.9999999E-03,2
-210.5000E-06,+7.0100501E-03,2
-210.0000E-06,-3.0402010E-03,2
-209.5000E-06,+3.4924622E-03,2
-209.0000E-06,-2.5376885E-03,2
-208.5000E-06,-3.0402010E-03,2
-208.0000E-06,+9.0201003E-03,2
-207.5000E-06,+4.9999999E-03,2
-207.0000E-06,-2.5376885E-03,2
-206.5000E-06,+10.5276380E-03,2
-206.0000E-06,-3.0402010E-03,2
-205.5000E-06,+6.5075376E-03,2
-205.0000E-06,-3.0402010E-03,2
-204.5000E-06,+4.9999999E-03,2
-204.0000E-06,+1.4824120E-03,2
-203.5000E-06,-3.0402010E-03,2
-203.0000E-06,-3.0402010E-03,2
-202.5000E-06,+4.9999999E-03,2
-202.0000E-06,+9.0201003E-03,2
-201.5000E-06,+3.4924622E-03,2
-201.0000E-06,+4.9999999E-03,2
-200.5000E-06,-527.6382E-06,2
-200.0000E-06,+4.9999999E-03,2
-199.5000E-06,-3.0402010E-03,2
-199.0000E-06,-3.0402010E-03,2
-198.5000E-06,-527.6382E-06,2
-198.0000E-06,-3.0402010E-03,2
-197.5000E-06,-9.0703517E-03,2
-197.0000E-06,-2.5376885E-03,2
-196.5000E-06,-6.5577889E-03,2
-196.0000E-06,+8.5175878E-03,2
-195.5000E-06,-1.0301508E-03,2
-195.0000E-06,+4.9999999E-03,2
-194.5000E-06,-3.0402010E-03,2
-194.0000E-06,+1.4824120E-03,2
-193.5000E-06,+4.9999999E-03,2
-193.0000E-06,-3.0402010E-03,2
-192.5000E-06,+21.0804017E-03,0
-192.0000E-06,+1.4824120E-03,0
-191.5000E-06,+4.9999999E-03,0
-191.0000E-06,-3.0402010E-03,0
-190.5000E-06,+4.9999999E-03,0
-190.0000E-06,+4.9999999E-03,0
-189.5000E-06,-3.0402010E-03,0
-189.0000E-06,-3.0402010E-03,0
-188.5000E-06,+2.9899497E-03,0
-188.0000E-06,+9.0201003E-03,0
-187.5000E-06,+4.9999999E-03,0
-187.0000E-06,-2.5376885E-03,0
-186.5000E-06,+4.9999999E-03,0
-186.0000E-06,+9.0201003E-03,0
-185.5000E-06,+4.9999999E-03,0
-185.0000E-06,-3.0402010E-03,0
-184.5000E-06,-527.6382E-06,0
-184.0000E-06,+4.9999999E-03,0
-183.5000E-06,-1.0301508E-03,0
-183.0000E-06,+4.9999999E-03,0
-182.5000E-06,-527.6382E-06,0
-182.0000E-06,+4.9999999E-03,0
-181.5000E-06,-3.0402010E-03,0
-181.0000E-06,+4.9999999E-03,0
-180.5000E-06,+4.9999999E-03,0
-180.0000E-06,+1.4824120E-03,0
-179.5000E-06,-3.0402010E-03,0
-179.0000E-06,+4.9999999E-03,0
-178.5000E-06,-3.0402010E-03,0
-178.0000E-06,+4.9999999E-03,0
-177.5000E-06,+4.9999999E-03,0
-177.0000E-06,+4.9999999E-03,0
-176.5000E-06,+7.0100501E-03,0
-176.0000E-06,-3.0402010E-03,0
-175.5000E-06,+3.4924622E-03,0
-175.0000E-06,+4.9999999E-03,0
-174.5000E-06,-527.6382E-06,0
-174.0000E-06,+8.5175878E-03,0
-173.5000E-06,+4.9999999E-03,0
-173.0000E-06,+4.9999999E-03,0
-172.5000E-06,-527.6382E-06,0
-172.0000E-06,+1.4824120E-03,0
-171.5000E-06,-3.0402010E-03,0
-171.0000E-06,+4.9999999E-03,0
-170.5000E-06,+4.9999999E-03,0
-170.0000E-06,-3.0402010E-03,0
-169.5000E-06,-1.0301508E-03,0
-169.0000E-06,+4.9999999E-03,0
-168.5000E-06,+13.0402008E-03,0
-168.0000E-06,+4.9999999E-03,0
-167.5000E-06,+4.9999999E-03,0
-167.0000E-06,+4.9999999E-03,0
-166.5000E-06,+8.5175878E-03,0
-166.0000E-06,+4.9999999E-03,0
-165.5000E-06,+3.4924622E-03,0
-165.0000E-06,+4.9999999E-03,0
-164.5000E-06,+979.8994E-06,0
-164.0000E-06,+4.9999999E-03,0
-163.5000E-06,-3.0402010E-03,0
-163.0000E-06,-3.0402010E-03,1
-162.5000E-06,+7.0100501E-03,1
-162.0000E-06,+1.4824120E-03,1
-161.5000E-06,+3.4924622E-03,1
-161.0000E-06,+4.9999999E-03,1
-160.5000E-06,-3.0402010E-03,1
-160.0000E-06,-3.0402010E-03,1
-159.5000E-06,-1.0301508E-03,1
-159.0000E-06,-3.0402010E-03,1
-158.5000E-06,-8.5678392E-03,1
-158.0000E-06,+8.5175878E-03,1
-157.5000E-06,+3.4924622E-03,1
-157.0000E-06,-2.5376885E-03,1
-156.5000E-06,-3.0402010E-03,1
-156.0000E-06,+979.8994E-06,1
-155.5000E-06,+3.4924622E-03,1
-155.0000E-06,+4.9999999E-03,1
-154.5000E-06,-3.0402010E-03,1
-154.0000E-06,+979.8994E-06,1
-153.5000E-06,-1.0301508E-03,1
-153.0000E-06,+4.9999999E-03,1
-152.5000E-06,+1.4824120E-03,1
-152.0000E-06,-3.0402010E-03,1
-151.5000E-06,+4.9999999E-03,1
-151.0000E-06,-2.5376885E-03,1
-150.5000E-06,+4.9999999E-03,1
-150.0000E-06,+4.9999999E-03,1
-149.5000E-06,-3.0402010E-03,1
-149.0000E-06,-3.0402010E-03,1
-148.5000E-06,+2.9899497E-03,1
-148.0000E-06,+979.8994E-06,1
-147.5000E-06,+3.4924622E-03,1
-147.0000E-06,+4.9999999E-03,1
-146.5000E-06,+7.0100501E-03,1
-146.0000E-06,+979.8994E-06,1
-145.5000E-06,+6.5075376E-03,1
-145.0000E-06,-2.5376885E-03,1
-144.5000E-06,-3.0402010E-03,1
-144.0000E-06,+979.8994E-06,1
-143.5000E-06,+4.9999999E-03,1
-143.0000E-06,-3.0402010E-03,1
-142.5000E-06,-527.6382E-06,1
-142.0000E-06,+979.8994E-06,1
-141.5000E-06,-3.0402010E-03,1
-141.0000E-06,-3.0402010E-03,1
-140.5000E-06,-5.0502513E-03,1
-140.0000E-06,+4.9999999E-03,1
-139.5000E-06,+4.9999999E-03,1
-139.0000E-06,+4.9999999E-03,1
-138.5000E-06,+4.9999999E-03,1
-138.0000E-06,+4.9999999E-03,1
-137.5000E-06,+4.9999999E-03,1
-137.0000E-06,-3.0402010E-03,1
-136.5000E-06,+4.9999999E-03,1
-136.0000E-06,+1.4824120E-03,1
-135.5000E-06,+4.9999999E-03,1
-135.0000E-06,-3.0402010E-03,1
-134.5000E-06,+4.9999999E-03,1
-134.0000E-06,+12.5376882E-03,3
-133.5000E-06,-1.0301508E-03,3
-133.0000E-06,+4.9999999E-03,3
-132.5000E-06,-527.6382E-06,3
-132.0000E-06,+979.8994E-06,3
-131.5000E-06,+4.9999999E-03,3
-131.0000E-06,+4.9999999E-03,3
-130.5000E-06,+4.9999999E-03,3
-130.0000E-06,+1.4824120E-03,3
-129.5000E-06,+3.4924622E-03,3
-129.0000E-06,+4.9999999E-03,3
-128.5000E-06,-3.0402010E-03,3
-128.0000E-06,-3.0402010E-03,3
-127.5000E-06,+4.9999999E-03,3
-127.0000E-06,-3.0402010E-03,3
-126.5000E-06,+4.9999999E-03,3
-126.0000E-06,-3.0402010E-03,3
-125.5000E-06,-3.0402010E-03,3
-125.0000E-06,+4.9999999E-03,3
-124.5000E-06,-527.6382E-06,3
-124.0000E-06,-3.0402010E-03,3
-123.5000E-06,-3.0402010E-03,3
-123.0000E-06,-2.5376885E-03,3
-122.5000E-06,+4.9999999E-03,3
-122.0000E-06,+979.8994E-06,3
-121.5000E-06,-3.0402010E-03,3
-121.0000E-06,-3.0402010E-03,3
-120.5000E-06,+4.9999999E-03,3
-120.0000E-06,+4.9999999E-03,3
-119.5000E-06,+3.4924622E-03,3
-119.0000E-06,-3.0402010E-03,3
-118.5000E-06,+4.9999999E-03,3
-118.0000E-06,+1.4824120E-03,3
-117.5000E-06,-3.0402010E-03,3
-117.0000E-06,+4.9999999E-03,3
-116.5000E-06,+2.9899497E-03,3
-116.0000E-06,-3.0402010E-03,3
-115.5000E-06,-1.0301508E-03,3
-115.0000E-06,-3.0402010E-03,3
-114.5000E-06,-3.0402010E-03,3
-114.0000E-06,+4.9999999E-03,3
-113.5000E-06,+4.9999999E-03,3
-113.0000E-06,+4.9999999E-03,3
-112.5000E-06,-3.0402010E-03,3
-112.0000E-06,-3.0402010E-03,3
-111.5000E-06,+3.4924622E-03,3
-111.0000E-06,-3.0402010E-03,3
-110.5000E-06,-3.0402010E-03,3
-110.0000E-06,+9.0201003E-03,3
-109.5000E-06,+979.8994E-06,3
-109.0000E-06,-2.5376885E-03,3
-108.5000E-06,-527.6382E-06,3
-108.0000E-06,+4.9999999E-03,3
-107.5000E-06,+3.4924622E-03,3
-107.0000E-06,+4.9999999E-03,3
-106.5000E-06,-527.6382E-06,3
-106.0000E-06,-23.6432159E-03,3
-105.5000E-06,+4.9999999E-03,2
-105.0000E-06,-2.5376885E-03,2
-104.5000E-06,-3.0402010E-03,2
-104.0000E-06,+1.4824120E-03,2
-103.5000E-06,+4.9999999E-03,2
-103.0000E-06,-2.5376885E-03,2
-102.5000E-06,+2.9899497E-03,2
-102.0000E-06,+979.8994E-06,2
-101.5000E-06,-3.0402010E-03,2
-101.0000E-06,-2.5376885E-03,2
-100.5000E-06,-3.0402010E-03,2
-100.0000E-06,+1.4824120E-03,2
-99.5000E-06,+6.5075376E-03,2
-99.0000E-06,+4.9999999E-03,2
-98.5000E-06,-3.0402010E-03,2
-98.0000E-06,-3.0402010E-03,2
-97.5000E-06,+6.5075376E-03,2
-97.0000E-06,-3.0402010E-03,2
-96.5000E-06,-3.0402010E-03,2
-96.0000E-06,+979.8994E-06,2
-95.5000E-06,-3.0402010E-03,2
-95.0000E-06,-2.5376885E-03,2
-94.5000E-06,-3.0402010E-03,2
-94.0000E-06,+979.8994E-06,2
-93.5000E-06,+4.9999999E-03,2
-93.0000E-06,+4.9999999E-03,2
-92.5000E-06,-3.0402010E-03,2
-92.0000E-06,-6.5577889E-03,2
-91.5000E-06,+4.9999999E-03,2
-91.0000E-06,+4.9999999E-03,2
-90.5000E-06,-3.0402010E-03,2
-90.0000E-06,-3.0402010E-03,2
-89.5000E-06,-1.0301508E-03,2
-89.0000E-06,+4.9999999E-03,2
-88.5000E-06,+2.9899497E-03,2
-88.0000E-06,+979.8994E-06,2
-87.5000E-06,+4.9999999E-03,2
-87.0000E-06,+4.9999999E-03,2
-86.5000E-06,-5.0502513E-03,2
-86.0000E-06,-3.0402010E-03,2
-85.5000E-06,-3.0402010E-03,2
-85.0000E-06,-2.5376885E-03,2
-84.5000E-06,+2.9899497E-03,2
-84.0000E-06,-3.0402010E-03,2
-83.5000E-06,-3.0402010E-03,2
-83.0000E-06,+4.9999999E-03,2
-82.5000E-06,-3.0402010E-03,2
-82.0000E-06,+979.8994E-06,2
-81.5000E-06,+6.5075376E-03,2
-81.0000E-06,+4.9999999E-03,2
-80.5000E-06,-3.0402010E-03,2
-80.0000E-06,+4.9999999E-03,2
-79.5000E-06,-3.0402010E-03,2
-79.0000E-06,+4.9999999E-03,2
-78.5000E-06,-527.6382E-06,0
-78.0000E-06,+1.4824120E-03,0
-77.5000E-06,-3.0402010E-03,0
-77.0000E-06,-3.0402010E-03,0
-76.5000E-06,-527.6382E-06,0
-76.0000E-06,+979.8994E-06,0
-75.5000E-06,+3.4924622E-03,0
-75.0000E-06,-3.0402010E-03,0
-74.5000E-06,-5.0502513E-03,0
-74.0000E-06,+4.9999999E-03,0
-73.5000E-06,+4.9999999E-03,0
-73.0000E-06,-3.0402010E-03,0
-72.5000E-06,+2.9899497E-03,0
-72.0000E-06,+4.9999999E-03,0
-71.5000E-06,+4.9999999E-03,0
-71.0000E-06,-2.5376885E-03,0
-70.5000E-06,-527.6382E-06,0
-70.0000E-06,+979.8994E-06,0
-69.5000E-06,-3.0402010E-03,0
-69.0000E-06,+4.9999999E-03,0
-68.5000E-06,-8.5678392E-03,0
-68.0000E-06,+979.8994E-06,0
-67.5000E-06,-1.0301508E-03,0
-67.0000E-06,+4.9999999E-03,0
-66.5000E-06,-527.6382E-06,0
-66.0000E-06,+979.8994E-06,0
-65.5000E-06,+11.0301506E-03,0
-65.0000E-06,+4.9999999E-03,0
-64.5000E-06,-527.6382E-06,0
-64.0000E-06,-3.0402010E-03,0
-63.5000E-06,-1.0301508E-03,0
-63.0000E-06,+4.9999999E-03,0
-62.5000E-06,-3.0402010E-03,0
-62.0000E-06,-3.0402010E-03,0
-61.5000E-06,-3.0402010E-03,0
-61.0000E-06,+4.9999999E-03,0
-60.5000E-06,+2.9899497E-03,0
-60.0000E-06,+4.9999999E-03,0
-59.5000E-06,-3.0402010E-03,0
-59.0000E-06,-3.0402010E-03,0
-58.5000E-06,+4.9999999E-03,0
-58.0000E-06,+979.8994E-06,0
-57.5000E-06,+4.9999999E-03,0
-57.0000E-06,+4.9999999E-03,0
-56.5000E-06,+7.0100501E-03,0
-56.0000E-06,-3.0402010E-03,0
-55.5000E-06,+3.4924622E-03,0
-55.0000E-06,-3.0402010E-03,0
-54.5000E-06,+4.9999999E-03,0
-54.0000E-06,+1.4824120E-03,0
-53.5000E-06,+4.9999999E-03,0
-53.0000E-06,-3.0402010E-03,0
-52.5000E-06,+2.9899497E-03,0
-52.0000E-06,+979.8994E-06,0
-51.5000E-06,+4.9999999E-03,0
-51.0000E-06,-3.0402010E-03,1
-50.5000E-06,+4.9999999E-03,1
-50.0000E-06,+1.4824120E-03,1
-49.5000E-06,+3.4924622E-03,1
-49.0000E-06,+4.9999999E-03,1
-48.5000E-06,+7.0100501E-03,1
-48.0000E-06,+4.9999999E-03,1
-47.5000E-06,+3.4924622E-03,1
-47.0000E-06,-3.0402010E-03,1
-46.5000E-06,-3.0402010E-03,1
-46.0000E-06,+4.9999999E-03,1
-45.5000E-06,+11.0301506E-03,1
-45.0000E-06,+4.9999999E-03,1
-44.5000E-06,-527.6382E-06,1
-44.0000E-06,+979.8994E-06,1
-43.5000E-06,-3.0402010E-03,1
-43.0000E-06,-3.0402010E-03,1
-42.5000E-06,-3.0402010E-03,1
-42.0000E-06,-3.0402010E-03,1
-41.5000E-06,-1.0301508E-03,1
-41.0000E-06,+4.9999999E-03,1
-40.5000E-06,-3.0402010E-03,1
-40.0000E-06,+1.4824120E-03,1
-39.5000E-06,-1.0301508E-03,1
-39.0000E-06,-3.0402010E-03,1
-38.5000E-06,+4.9999999E-03,1
-38.0000E-06,-3.0402010E-03,1
-37.5000E-06,+4.9999999E-03,1
-37.0000E-06,+4.9999999E-03,1
-36.5000E-06,+4.9999999E-03,1
-36.0000E-06,-3.0402010E-03,1
-35.5000E-06,+4.9999999E-03,1
-35.0000E-06,+4.9999999E-03,1
-34.5000E-06,+4.9999999E-03,1
-34.0000E-06,+4.9999999E-03,1
-33.5000E-06,-1.0301508E-03,1
-33.0000E-06,+4.9999999E-03,1
-32.5000E-06,-3.0402010E-03,1
-32.0000E-06,+4.9999999E-03,1
-31.5000E-06,-3.0402010E-03,1
-31.0000E-06,-2.5376885E-03,1
-30.5000E-06,+4.9999999E-03,1
-30.0000E-06,+4.9999999E-03,1
-29.5000E-06,+4.9999999E-03,1
-29.0000E-06,-3.0402010E-03,1
-28.5000E-06,+4.9999999E-03,1
-28.0000E-06,+979.8994E-06,1
-27.5000E-06,-9.0703517E-03,1
-27.0000E-06,-2.5376885E-03,1
-26.5000E-06,+2.9899497E-03,1
-26.0000E-06,+8.5175878E-03,1
-25.5000E-06,-3.0402010E-03,1
-25.0000E-06,+4.9999999E-03,1
-24.5000E-06,-527.6382E-06,1
-24.0000E-06,+9.0201003E-03,3
-23.5000E-06,-3.0402010E-03,3
-23.0000E-06,-3.0402010E-03,3
-22.5000E-06,+7.0100501E-03,3
-22.0000E-06,+1.4824120E-03,3
-21.5000E-06,+3.4924622E-03,3
-21.0000E-06,+12.5376882E-03,3
-20.5000E-06,-527.6382E-06,3
-20.0000E-06,-3.0402010E-03,3
-19.5000E-06,+4.9999999E-03,3
-19.0000E-06,+4.9999999E-03,3
-18.5000E-06,-3.0402010E-03,3
-18.0000E-06,+1.4824120E-03,3
-17.5000E-06,+4.9999999E-03,3
-17.0000E-06,+4.9999999E-03,3
-16.5000E-06,-3.0402010E-03,3
-16.0000E-06,+979.8994E-06,3
-15.5000E-06,+4.9999999E-03,3
-15.0000E-06,+4.9999999E-03,3
-14.5000E-06,+2.9899497E-03,3
-14.0000E-06,+4.9999999E-03,3
-13.5000E-06,+4.9999999E-03,3
-13.0000E-06,+4.9999999E-03,3
-12.5000E-06,-3.0402010E-03,3
-12.0000E-06,+4.9999999E-03,3
-11.5000E-06,+4.9999999E-03,3
-11.0000E-06,+4.9999999E-03,3
-10.5000E-06,-8.5678392E-03,3
-10.0000E-06,+979.8994E-06,3
-9.5000E-06,+6.5075376E-03,3
-9.0000E-06,-2.5376885E-03,3
-8.5000E-06,+2.9899497E-03,3
-8.0000E-06,+4.9999999E-03,3
-7.5000E-06,-3.0402010E-03,3
-7.0000E-06,-2.5376885E-03,3
-6.5000E-06,+4.9999999E-03,3
-6.0000E-06,+979.8994E-06,3
-5.5000E-06,-1.0301508E-03,3
-5.0000E-06,+4.9999999E-03,3
-4.5000E-06,+2.9899497E-03,3
-4.0000E-06,-3.0402010E-03,3
-3.5000E-06,-3.0402010E-03,3
-3.0000E-06,+4.9999999E-03,3
-2.5000E-06,+2.9899497E-03,3
-2.0000E-06,+1.4824120E-03,3
-1.5000E-06,+4.9999999E-03,3
-1.0000E-06,-2.5376885E-03,3
-500.0E-09,-3.0402010E-03,3
+0.0E+00,+740.6783840E-03,3
+500.0E-09,-394.4974833E-03,3
+1.0000E-06,-1.0161055168E+00,3
+1.5000E-06,-1.0161055168E+00,2
+2.0000E-06,+457.7638141E-03,2
+2.5000E-06,+815.0502425E-03,2
+3.0000E-06,+588.4170791E-03,2
+3.5000E-06,+111.0301495E-03,2
+4.0000E-06,+141.6834155E-03,2
+4.5000E-06,+480.8793918E-03,2
+5.0000E-06,-325.6532629E-03,2
+5.5000E-06,-163.8442194E-03,2
+6.0000E-06,-126.6582902E-03,2
+6.5000E-06,-28.1658289E-03,2
+7.0000E-06,+327.1105492E-03,2
+7.5000E-06,+122.5879383E-03,2
+8.0000E-06,+109.0200993E-03,2
+8.5000E-06,+76.8592956E-03,2
+9.0000E-06,-171.8844203E-03,2
+9.5000E-06,-20.6281405E-03,2
+10.0000E-06,-54.7989944E-03,2
+10.5000E-06,+81.3819086E-03,2
+11.0000E-06,+149.7236164E-03,2
+11.5000E-06,-53.2914568E-03,2
+12.0000E-06,-63.3417079E-03,2
+12.5000E-06,-67.3618084E-03,2
+13.0000E-06,-50.7788940E-03,2
+13.5000E-06,+59.2713561E-03,2
+14.0000E-06,+20.5778892E-03,2
+14.5000E-06,+62.7889440E-03,2
+15.0000E-06,+36.6582910E-03,2
+15.5000E-06,-75.4020093E-03,2
+16.0000E-06,-15.1005024E-03,2
+16.5000E-06,-19.1206029E-03,2
+17.0000E-06,+29.1206026E-03,2
+17.5000E-06,+34.6482408E-03,2
+18.0000E-06,+16.5577887E-03,2
+18.5000E-06,+21.0804017E-03,2
+19.0000E-06,-35.2010047E-03,2
+19.5000E-06,-40.7286428E-03,2
+20.0000E-06,+13.0402008E-03,2
+20.5000E-06,-1.0301508E-03,2
+21.0000E-06,+44.6984919E-03,2
+21.5000E-06,+13.0402008E-03,2
+22.0000E-06,-11.0804019E-03,2
+22.5000E-06,+11.0301506E-03,2
+23.0000E-06,-3.0402010E-03,2
+23.5000E-06,-19.1206029E-03,2
+24.0000E-06,+16.5577887E-03,2
+24.5000E-06,-45.2512559E-03,2
+25.0000E-06,-10.5778894E-03,2
+25.5000E-06,+9.0201003E-03,2
+26.0000E-06,+13.0402008E-03,2
+26.5000E-06,+13.0402008E-03,2
+27.0000E-06,+4.9999999E-03,0
+27.5000E-06,-527.6382E-06,0
+28.0000E-06,+13.0402008E-03,0
+28.5000E-06,+19.0703515E-03,0
+29.0000E-06,+20.5778892E-03,0
+29.5000E-06,-7.0603015E-03,0
+30.0000E-06,-15.1005024E-03,0
+30.5000E-06,+6.5075376E-03,0
+31.0000E-06,+4.9999999E-03,0
+31.5000E-06,+2.9899497E-03,0
+32.0000E-06,+4.9999999E-03,0
+32.5000E-06,-3.0402010E-03,0
+33.0000E-06,-2.5376885E-03,0
+33.5000E-06,-8.5678392E-03,0
+34.0000E-06,+1.4824120E-03,0
+34.5000E-06,+4.9999999E-03,0
+35.0000E-06,-3.0402010E-03,0
+35.5000E-06,+4.9999999E-03,0
+36.0000E-06,+8.5175878E-03,0
+36.5000E-06,+11.0301506E-03,0
+37.0000E-06,-2.5376885E-03,0
+37.5000E-06,-3.0402010E-03,0
+38.0000E-06,+1.4824120E-03,0
+38.5000E-06,-1.0301508E-03,0
+39.0000E-06,+4.9999999E-03,0
+39.5000E-06,+2.9899497E-03,0
+40.0000E-06,+979.8994E-06,0
+40.5000E-06,+4.9999999E-03,0
+41.0000E-06,+4.9999999E-03,0
+41.5000E-06,-3.0402010E-03,0
+42.0000E-06,+4.9999999E-03,0
+42.5000E-06,-3.0402010E-03,0
+43.0000E-06,+4.9999999E-03,0
+43.5000E-06,+4.9999999E-03,0
+44.0000E-06,+979.8994E-06,0
+44.5000E-06,+4.9999999E-03,0
+45.0000E-06,-2.5376885E-03,0
+45.5000E-06,-3.0402010E-03,0
+46.0000E-06,-3.0402010E-03,0
+46.5000E-06,-1.0301508E-03,0
+47.0000E-06,-3.0402010E-03,0
+47.5000E-06,+13.0402008E-03,0
+48.0000E-06,+1.4824120E-03,0
+48.5000E-06,+4.9999999E-03,0
+49.0000E-06,+12.5376882E-03,0
+49.5000E-06,+4.9999999E-03,0
+50.0000E-06,+4.9999999E-03,0
+50.5000E-06,-3.0402010E-03,0
+51.0000E-06,+13.0402008E-03,0
+51.5000E-06,-11.0804019E-03,0
+52.0000E-06,-3.0402010E-03,0
+52.5000E-06,+6.5075376E-03,1
+53.0000E-06,-2.5376885E-03,1
+53.5000E-06,-3.0402010E-03,1
+54.0000E-06,+979.8994E-06,1
+54.5000E-06,+3.4924622E-03,1
+55.0000E-06,-3.0402010E-03,1
+55.5000E-06,+4.9999999E-03,1
+56.0000E-06,-7.0603015E-03,1
+56.5000E-06,+4.9999999E-03,1
+57.0000E-06,-2.5376885E-03,1
+57.5000E-06,+4.9999999E-03,1
+58.0000E-06,+4.9999999E-03,1
+58.5000E-06,+3.4924622E-03,1
+59.0000E-06,+4.9999999E-03,1
+59.5000E-06,+4.9999999E-03,1
+60.0000E-06,-3.0402010E-03,1
+60.5000E-06,+4.9999999E-03,1
+61.0000E-06,-3.0402010E-03,1
+61.5000E-06,-527.6382E-06,1
+62.0000E-06,+979.8994E-06,1
+62.5000E-06,-1.0301508E-03,1
+63.0000E-06,-3.0402010E-03,1
+63.5000E-06,+2.9899497E-03,1
+64.0000E-06,+1.4824120E-03,1
+64.5000E-06,+3.4924622E-03,1
+65.0000E-06,-3.0402010E-03,1
+65.5000E-06,-3.0402010E-03,1
+66.0000E-06,-3.0402010E-03,1
+66.5000E-06,-3.0402010E-03,1
+67.0000E-06,-2.5376885E-03,1
+67.5000E-06,-527.6382E-06,1
+68.0000E-06,+1.4824120E-03,1
+68.5000E-06,-3.0402010E-03,1
+69.0000E-06,-3.0402010E-03,1
+69.5000E-06,+4.9999999E-03,1
+70.0000E-06,+979.8994E-06,1
+70.5000E-06,+4.9999999E-03,1
+71.0000E-06,-3.0402010E-03,1
+71.5000E-06,-527.6382E-06,1
+72.0000E-06,+4.9999999E-03,1
+72.5000E-06,-3.0402010E-03,1
+73.0000E-06,-2.5376885E-03,1
+73.5000E-06,+4.9999999E-03,1
+74.0000E-06,+979.8994E-06,1
+74.5000E-06,+3.4924622E-03,1
+75.0000E-06,-3.0402010E-03,1
+75.5000E-06,+4.9999999E-03,1
+76.0000E-06,-3.0402010E-03,1
+76.5000E-06,-1.0301508E-03,1
+77.0000E-06,+4.9999999E-03,1
+77.5000E-06,-3.0402010E-03,1
+78.0000E-06,+979.8994E-06,3
+78.5000E-06,+6.5075376E-03,3
+79.0000E-06,-2.5376885E-03,3
+79.5000E-06,-527.6382E-06,3
+80.0000E-06,-3.0402010E-03,3
+80.5000E-06,-3.0402010E-03,3
+81.0000E-06,-3.0402010E-03,3
+81.5000E-06,-8.5678392E-03,3
+82.0000E-06,+1.4824120E-03,3
+82.5000E-06,-1.0301508E-03,3
+83.0000E-06,-2.5376885E-03,3
+83.5000E-06,+2.9899497E-03,3
+84.0000E-06,+979.8994E-06,3
+84.5000E-06,+3.4924622E-03,3
+85.0000E-06,+4.9999999E-03,3
+85.5000E-06,+2.9899497E-03,3
+86.0000E-06,+4.9999999E-03,3
+86.5000E-06,-1.0301508E-03,3
+87.0000E-06,+4.9999999E-03,3
+87.5000E-06,+2.9899497E-03,3
+88.0000E-06,+1.4824120E-03,3
+88.5000E-06,+3.4924622E-03,3
+89.0000E-06,-3.0402010E-03,3
+89.5000E-06,+4.9999999E-03,3
+90.0000E-06,-3.0402010E-03,3
+90.5000E-06,+11.0301506E-03,3
+91.0000E-06,+4.9999999E-03,3
+91.5000E-06,-3.0402010E-03,3
+92.0000E-06,-3.0402010E-03,3
+92.5000E-06,+4.9999999E-03,3
+93.0000E-06,-3.0402010E-03,3
+93.5000E-06,-3.0402010E-03,3
+94.0000E-06,+9.0201003E-03,3
+94.5000E-06,-1.0301508E-03,3
+95.0000E-06,+4.9999999E-03,3
+95.5000E-06,+4.9999999E-03,3
+96.0000E-06,+8.5175878E-03,3
+96.5000E-06,-3.0402010E-03,3
+97.0000E-06,+4.9999999E-03,3
+97.5000E-06,-3.0402010E-03,3
+98.0000E-06,+4.9999999E-03,3
+98.5000E-06,-1.0301508E-03,3
+99.0000E-06,+4.9999999E-03,3
+99.5000E-06,+2.9899497E-03,3
+100.0000E-06,+1.4824120E-03,3
+100.5000E-06,-1.0301508E-03,3
+101.0000E-06,-3.0402010E-03,3
+101.5000E-06,+4.9999999E-03,3
+102.0000E-06,+979.8994E-06,3
+102.5000E-06,+4.9999999E-03,3
+103.0000E-06,+4.9999999E-03,3
+103.5000E-06,-527.6382E-06,3
+104.0000E-06,+4.9999999E-03,3
+104.5000E-06,+4.9999999E-03,3
+105.0000E-06,+4.9999999E-03,3
+105.5000E-06,+2.9899497E-03,3
+106.0000E-06,-3.0402010E-03,3
+106.5000E-06,+3.4924622E-03,2
+107.0000E-06,+4.9999999E-03,2
+107.5000E-06,+4.9999999E-03,2
+108.0000E-06,+4.9999999E-03,2
+108.5000E-06,-3.0402010E-03,2
+109.0000E-06,-3.0402010E-03,2
+109.5000E-06,-3.0402010E-03,2
+110.0000E-06,-3.0402010E-03,2
+110.5000E-06,-3.0402010E-03,2
+111.0000E-06,+4.9999999E-03,2
+111.5000E-06,+2.9899497E-03,2
+112.0000E-06,-3.0402010E-03,2
+112.5000E-06,-3.0402010E-03,2
+113.0000E-06,-2.5376885E-03,2
+113.5000E-06,+4.9999999E-03,2
+114.0000E-06,+4.9999999E-03,2
+114.5000E-06,+3.4924622E-03,2
+115.0000E-06,-10.5778894E-03,2
+115.5000E-06,+4.9999999E-03,2
+116.0000E-06,-3.0402010E-03,2
+116.5000E-06,+4.9999999E-03,2
+117.0000E-06,+4.9999999E-03,2
+117.5000E-06,+4.9999999E-03,2
+118.0000E-06,+4.9999999E-03,2
+118.5000E-06,-1.0301508E-03,2
+119.0000E-06,+4.9999999E-03,2
+119.5000E-06,+10.5276380E-03,2
+120.0000E-06,-3.0402010E-03,2
+120.5000E-06,+4.9999999E-03,2
+121.0000E-06,+4.9999999E-03,2
+121.5000E-06,-3.0402010E-03,2
+122.0000E-06,+4.9999999E-03,2
+122.5000E-06,+11.0301506E-03,2
+123.0000E-06,+4.9999999E-03,2
+123.5000E-06,+4.9999999E-03,2
+124.0000E-06,+1.4824120E-03,2
+124.5000E-06,-3.0402010E-03,2
+125.0000E-06,+4.9999999E-03,2
+125.5000E-06,+4.9999999E-03,2
+126.0000E-06,-3.0402010E-03,2
+126.5000E-06,+4.9999999E-03,2
+127.0000E-06,-3.0402010E-03,2
+127.5000E-06,+2.9899497E-03,2
+128.0000E-06,+9.0201003E-03,2
+128.5000E-06,-1.0301508E-03,2
+129.0000E-06,+4.9999999E-03,2
+129.5000E-06,+10.5276380E-03,2
+130.0000E-06,+4.9999999E-03,2
+130.5000E-06,+3.4924622E-03,2
+131.0000E-06,-2.5376885E-03,2
+131.5000E-06,-3.0402010E-03,2
+132.0000E-06,+8.5175878E-03,2
+132.5000E-06,+4.9999999E-03,2
+133.0000E-06,-10.5778894E-03,2
+133.5000E-06,+4.9999999E-03,2
+134.0000E-06,-3.0402010E-03,2
+134.5000E-06,+3.4924622E-03,2
+135.0000E-06,+4.9999999E-03,0
+135.5000E-06,-3.0402010E-03,0
+136.0000E-06,+979.8994E-06,0
+136.5000E-06,+3.4924622E-03,0
+137.0000E-06,-3.0402010E-03,0
+137.5000E-06,+4.9999999E-03,0
+138.0000E-06,+4.9999999E-03,0
+138.5000E-06,+4.9999999E-03,0
+139.0000E-06,+4.9999999E-03,0
+139.5000E-06,+2.9899497E-03,0
+140.0000E-06,-3.0402010E-03,0
+140.5000E-06,+4.9999999E-03,0
+141.0000E-06,+4.9999999E-03,0
+141.5000E-06,+2.9899497E-03,0
+142.0000E-06,-3.0402010E-03,0
+142.5000E-06,+4.9999999E-03,0
+143.0000E-06,+4.9999999E-03,0
+143.5000E-06,+4.9999999E-03,0
+144.0000E-06,+979.8994E-06,0
+144.5000E-06,-3.0402010E-03,0
+145.0000E-06,+4.9999999E-03,0
+145.5000E-06,-527.6382E-06,0
+146.0000E-06,-3.0402010E-03,0
+146.5000E-06,+4.9999999E-03,0
+147.0000E-06,-3.0402010E-03,0
+147.5000E-06,+4.9999999E-03,0
+148.0000E-06,+1.4824120E-03,0
+148.5000E-06,+4.9999999E-03,0
+149.0000E-06,+4.9999999E-03,0
+149.5000E-06,+4.9999999E-03,0
+150.0000E-06,+4.9999999E-03,0
+150.5000E-06,+4.9999999E-03,0
+151.0000E-06,+4.9999999E-03,0
+151.5000E-06,+4.9999999E-03,0
+152.0000E-06,+1.4824120E-03,0
+152.5000E-06,+3.4924622E-03,0
+153.0000E-06,+4.9999999E-03,0
+153.5000E-06,+2.9899497E-03,0
+154.0000E-06,+4.9999999E-03,0
+154.5000E-06,-3.0402010E-03,0
+155.0000E-06,+4.9999999E-03,0
+155.5000E-06,+2.9899497E-03,0
+156.0000E-06,-3.0402010E-03,0
+156.5000E-06,-1.0301508E-03,0
+157.0000E-06,+4.9999999E-03,0
+157.5000E-06,-3.0402010E-03,0
+158.0000E-06,-2.5376885E-03,0
+158.5000E-06,-3.0402010E-03,0
+159.0000E-06,+4.9999999E-03,0
+159.5000E-06,+4.9999999E-03,0
+160.0000E-06,-3.0402010E-03,0
+160.5000E-06,-3.0402010E-03,0
+161.0000E-06,-2.5376885E-03,0
+161.5000E-06,+2.9899497E-03,0
+162.0000E-06,+979.8994E-06,0
+162.5000E-06,+4.9999999E-03,0
+163.0000E-06,-3.0402010E-03,1
+163.5000E-06,-527.6382E-06,1
+164.0000E-06,-3.0402010E-03,1
+164.5000E-06,+13.0402008E-03,1
+165.0000E-06,+4.9999999E-03,1
+165.5000E-06,-527.6382E-06,1
+166.0000E-06,-3.0402010E-03,1
+166.5000E-06,+6.5075376E-03,1
+167.0000E-06,+4.9999999E-03,1
+167.5000E-06,-527.6382E-06,1
+168.0000E-06,+1.4824120E-03,1
+168.5000E-06,-9.0703517E-03,1
+169.0000E-06,+4.9999999E-03,1
+169.5000E-06,+10.5276380E-03,1
+170.0000E-06,-3.0402010E-03,1
+170.5000E-06,-3.0402010E-03,1
+171.0000E-06,+4.9999999E-03,1
+171.5000E-06,+4.9999999E-03,1
+172.0000E-06,+4.9999999E-03,1
+172.5000E-06,-3.0402010E-03,1
+173.0000E-06,+4.9999999E-03,1
+173.5000E-06,+4.9999999E-03,1
+174.0000E-06,-3.0402010E-03,1
+174.5000E-06,-1.0301508E-03,1
+175.0000E-06,+4.9999999E-03,1
+175.5000E-06,-5.0502513E-03,1
+176.0000E-06,+1.4824120E-03,1
+176.5000E-06,+3.4924622E-03,1
+177.0000E-06,+4.9999999E-03,1
+177.5000E-06,+2.9899497E-03,1
+178.0000E-06,+9.0201003E-03,1
+178.5000E-06,+11.0301506E-03,1
+179.0000E-06,-3.0402010E-03,1
+179.5000E-06,-527.6382E-06,1
+180.0000E-06,+4.9999999E-03,1
+180.5000E-06,-1.0301508E-03,1
+181.0000E-06,-3.0402010E-03,1
+181.5000E-06,+4.9999999E-03,1
+182.0000E-06,+4.9999999E-03,1
+182.5000E-06,-3.0402010E-03,1
+183.0000E-06,+4.9999999E-03,1
+183.5000E-06,+4.9999999E-03,1
+184.0000E-06,+4.9999999E-03,1
+184.5000E-06,+3.4924622E-03,1
+185.0000E-06,-3.0402010E-03,1
+185.5000E-06,-3.0402010E-03,1
+186.0000E-06,-3.0402010E-03,1
+186.5000E-06,+4.9999999E-03,1
+187.0000E-06,+4.9999999E-03,1
+187.5000E-06,+2.9899497E-03,1
+188.0000E-06,-3.0402010E-03,1
+188.5000E-06,-1.0301508E-03,1
+189.0000E-06,+4.9999999E-03,1
+189.5000E-06,+4.9999999E-03,1
+190.0000E-06,+4.9999999E-03,3
+190.5000E-06,+4.9999999E-03,3
+191.0000E-06,+4.9999999E-03,3
+191.5000E-06,+2.9899497E-03,3
+192.0000E-06,+4.9999999E-03,3
+192.5000E-06,+4.9999999E-03,3
+193.0000E-06,-2.5376885E-03,3
+193.5000E-06,+1.4824120E-03,3
+194.0000E-06,+9.0201003E-03,3
+194.5000E-06,+4.9999999E-03,3
+195.0000E-06,-3.0402010E-03,3
+195.5000E-06,-8.5678392E-03,3
+196.0000E-06,+4.9999999E-03,3
+196.5000E-06,+3.4924622E-03,3
+197.0000E-06,+4.9999999E-03,3
+197.5000E-06,+4.9999999E-03,3
+198.0000E-06,-3.0402010E-03,3
+198.5000E-06,-1.0301508E-03,3
+199.0000E-06,+4.9999999E-03,3
+199.5000E-06,-527.6382E-06,3
+200.0000E-06,-3.0402010E-03,3
+200.5000E-06,+3.4924622E-03,3
+201.0000E-06,-2.5376885E-03,3
+201.5000E-06,+2.9899497E-03,3
+202.0000E-06,+4.9999999E-03,3
+202.5000E-06,-1.0301508E-03,3
+203.0000E-06,+4.9999999E-03,3
+203.5000E-06,+4.9999999E-03,3
+204.0000E-06,+979.8994E-06,3
+204.5000E-06,-3.0402010E-03,3
+205.0000E-06,+4.9999999E-03,3
+205.5000E-06,+8.5175878E-03,3
+206.0000E-06,+4.9999999E-03,3
+206.5000E-06,+3.4924622E-03,3
+207.0000E-06,+4.9999999E-03,3
+207.5000E-06,+4.9999999E-03,3
+208.0000E-06,+4.9999999E-03,3
+208.5000E-06,-9.0703517E-03,3
+209.0000E-06,+4.9999999E-03,3
+209.5000E-06,-3.0402010E-03,3
+210.0000E-06,+4.9999999E-03,3
+210.5000E-06,+4.9999999E-03,3
+211.0000E-06,-3.0402010E-03,3
+211.5000E-06,-3.0402010E-03,3
+212.0000E-06,-3.0402010E-03,3
+212.5000E-06,+4.9999999E-03,3
+213.0000E-06,-3.0402010E-03,3
+213.5000E-06,-5.0502513E-03,3
+214.0000E-06,-3.0402010E-03,3
+214.5000E-06,+4.9999999E-03,3
+215.0000E-06,+4.9999999E-03,3
+215.5000E-06,+4.9999999E-03,3
+216.0000E-06,+4.9999999E-03,3
+216.5000E-06,+3.4924622E-03,2
+217.0000E-06,+4.9999999E-03,2
+217.5000E-06,+4.9999999E-03,2
+218.0000E-06,+4.9999999E-03,2
+218.5000E-06,+4.9999999E-03,2
+219.0000E-06,+4.9999999E-03,2
+219.5000E-06,+2.9899497E-03,2
+220.0000E-06,+4.9999999E-03,2
+220.5000E-06,-3.0402010E-03,2
+221.0000E-06,-3.0402010E-03,2
+221.5000E-06,+7.0100501E-03,2
+222.0000E-06,+4.9999999E-03,2
+222.5000E-06,+3.4924622E-03,2
+223.0000E-06,+4.9999999E-03,2
+223.5000E-06,-3.0402010E-03,2
+224.0000E-06,+8.5175878E-03,2
+224.5000E-06,-1.0301508E-03,2
+225.0000E-06,+4.9999999E-03,2
+225.5000E-06,-3.0402010E-03,2
+226.0000E-06,-3.0402010E-03,2
+226.5000E-06,+4.9999999E-03,2
+227.0000E-06,-3.0402010E-03,2
+227.5000E-06,-3.0402010E-03,2
+228.0000E-06,+1.4824120E-03,2
+228.5000E-06,-3.0402010E-03,2
+229.0000E-06,-3.0402010E-03,2
+229.5000E-06,-3.0402010E-03,2
+230.0000E-06,+979.8994E-06,2
+230.5000E-06,-3.0402010E-03,2
+231.0000E-06,+4.9999999E-03,2
+231.5000E-06,+4.9999999E-03,2
+232.0000E-06,-7.0603015E-03,2
+232.5000E-06,-3.0402010E-03,2
+233.0000E-06,-3.0402010E-03,2
+233.5000E-06,-527.6382E-06,2
+234.0000E-06,+979.8994E-06,2
+234.5000E-06,-9.0703517E-03,2
+235.0000E-06,-2.5376885E-03,2
+235.5000E-06,+4.9999999E-03,2
+236.0000E-06,+4.9999999E-03,2
+236.5000E-06,-1.0301508E-03,2
+237.0000E-06,+4.9999999E-03,2
+237.5000E-06,+2.9899497E-03,2
+238.0000E-06,-3.0402010E-03,2
+238.5000E-06,+4.9999999E-03,2
+239.0000E-06,-3.0402010E-03,2
+239.5000E-06,-527.6382E-06,2
+240.0000E-06,-3.0402010E-03,2
+240.5000E-06,-3.0402010E-03,2
+241.0000E-06,+4.9999999E-03,2
+241.5000E-06,+4.9999999E-03,2
+242.0000E-06,+9.0201003E-03,2
+242.5000E-06,-33.1909545E-03,0
+243.0000E-06,-2.5376885E-03,0
+243.5000E-06,-3.0402010E-03,0
+244.0000E-06,+4.9999999E-03,0
+244.5000E-06,+3.4924622E-03,0
+245.0000E-06,-3.0402010E-03,0
+245.5000E-06,+4.9999999E-03,0
+246.0000E-06,+4.9999999E-03,0
+246.5000E-06,-3.0402010E-03,0
+247.0000E-06,+4.9999999E-03,0
+247.5000E-06,-3.0402010E-03,0
+248.0000E-06,-3.0402010E-03,0
+248.5000E-06,+4.9999999E-03,0
+249.0000E-06,+4.9999999E-03,0
+249.5000E-06,+4.9999999E-03,0
+250.0000E-06,+4.9999999E-03,0
+250.5000E-06,-1.0301508E-03,0
+251.0000E-06,+4.9999999E-03,0
+251.5000E-06,-527.6382E-06,0
+252.0000E-06,+4.9999999E-03,0
+252.5000E-06,-1.0301508E-03,0
+253.0000E-06,+4.9999999E-03,0
+253.5000E-06,+4.9999999E-03,0
+254.0000E-06,+1.4824120E-03,0
+254.5000E-06,-1.0301508E-03,0
+255.0000E-06,+4.9999999E-03,0
+255.5000E-06,-3.0402010E-03,0
+256.0000E-06,+4.9999999E-03,0
+256.5000E-06,-1.0301508E-03,0
+257.0000E-06,+4.9999999E-03,0
+257.5000E-06,+4.9999999E-03,0
+258.0000E-06,+1.4824120E-03,0
+258.5000E-06,+4.9999999E-03,0
+259.0000E-06,-3.0402010E-03,0
+259.5000E-06,+2.9899497E-03,0
+260.0000E-06,-3.0402010E-03,0
+260.5000E-06,-1.0301508E-03,0
+261.0000E-06,-2.5376885E-03,0
+261.5000E-06,+2.9899497E-03,0
+262.0000E-06,+979.8994E-06,0
+262.5000E-06,+6.5075376E-03,0
+263.0000E-06,-3.0402010E-03,0
+263.5000E-06,+2.9899497E-03,0
+264.0000E-06,-11.0804019E-03,0
+264.5000E-06,-3.0402010E-03,0
+265.0000E-06,-2.5376885E-03,0
+265.5000E-06,+2.9899497E-03,0
+266.0000E-06,-3.0402010E-03,0
+266.5000E-06,-1.0301508E-03,0
+267.0000E-06,-3.0402010E-03,0
+267.5000E-06,+2.9899497E-03,0
+268.0000E-06,+1.4824120E-03,0
+268.5000E-06,-3.0402010E-03,0
+269.0000E-06,+13.0402008E-03,1
+269.5000E-06,+4.9999999E-03,1
+270.0000E-06,+1.4824120E-03,1
+270.5000E-06,+4.9999999E-03,1
+271.0000E-06,+4.9999999E-03,1
+271.5000E-06,-6.5577889E-03,1
+272.0000E-06,+1.4824120E-03,1
+272.5000E-06,+4.9999999E-03,1
+273.0000E-06,-3.0402010E-03,1
+273.5000E-06,-527.6382E-06,1
+274.0000E-06,+979.8994E-06,1
+274.5000E-06,+4.9999999E-03,1
+275.0000E-06,-3.0402010E-03,1
+275.5000E-06,-8.5678392E-03,1
+276.0000E-06,+4.9999999E-03,1
+276.5000E-06,+3.4924622E-03,1
+277.0000E-06,-3.0402010E-03,1
+277.5000E-06,-527.6382E-06,1
+278.0000E-06,+4.9999999E-03,1
+278.5000E-06,-1.0301508E-03,1
+279.0000E-06,+4.9999999E-03,1
+279.5000E-06,-3.0402010E-03,1
+280.0000E-06,+4.9999999E-03,1
+280.5000E-06,+4.9999999E-03,1
+281.0000E-06,+12.5376882E-03,1
+281.5000E-06,-527.6382E-06,1
+282.0000E-06,-3.0402010E-03,1
+282.5000E-06,-1.0301508E-03,1
+283.0000E-06,-2.5376885E-03,1
+283.5000E-06,+2.9899497E-03,1
+284.0000E-06,-3.0402010E-03,1
+284.5000E-06,+4.9999999E-03,1
+285.0000E-06,+13.0402008E-03,1
+285.5000E-06,-3.0402010E-03,1
+286.0000E-06,+979.8994E-06,1
+286.5000E-06,-3.0402010E-03,1
+287.0000E-06,+4.9999999E-03,1
+287.5000E-06,+4.9999999E-03,1
+288.0000E-06,-7.0603015E-03,1
+288.5000E-06,+4.9999999E-03,1
+289.0000E-06,-2.5376885E-03,1
+289.5000E-06,+4.9999999E-03,1
+290.0000E-06,+1.4824120E-03,1
+290.5000E-06,+4.9999999E-03,1
+291.0000E-06,+4.9999999E-03,1
+291.5000E-06,+2.9899497E-03,1
+292.0000E-06,+1.4824120E-03,1
+292.5000E-06,+3.4924622E-03,1
+293.0000E-06,+4.9999999E-03,1
+293.5000E-06,+2.9899497E-03,1
+294.0000E-06,-3.0402010E-03,1
+294.5000E-06,+3.4924622E-03,3
+295.0000E-06,-3.0402010E-03,3
+295.5000E-06,-3.0402010E-03,3
+296.0000E-06,+979.8994E-06,3
+296.5000E-06,-3.0402010E-03,3
+297.0000E-06,+4.9999999E-03,3
+297.5000E-06,-527.6382E-06,3
+298.0000E-06,+4.9999999E-03,3
+298.5000E-06,-3.0402010E-03,3
+299.0000E-06,+4.9999999E-03,3
+299.5000E-06,-3.0402010E-03,3
+300.0000E-06,+979.8994E-06,3
+300.5000E-06,+4.9999999E-03,3
+301.0000E-06,+4.9999999E-03,3
+301.5000E-06,-8.5678392E-03,3
+302.0000E-06,-3.0402010E-03,3
+302.5000E-06,+3.4924622E-03,3
+303.0000E-06,-3.0402010E-03,3
+303.5000E-06,+4.9999999E-03,3
+304.0000E-06,+979.8994E-06,3
+304.5000E-06,+3.4924622E-03,3
+305.0000E-06,+12.5376882E-03,3
+305.5000E-06,+4.9999999E-03,3
+306.0000E-06,+979.8994E-06,3
+306.5000E-06,-3.0402010E-03,3
+307.0000E-06,+4.9999999E-03,3
+307.5000E-06,-527.6382E-06,3
+308.0000E-06,+979.8994E-06,3
+308.5000E-06,-1.0301508E-03,3
+309.0000E-06,+4.9999999E-03,3
+309.5000E-06,+2.9899497E-03,3
+310.0000E-06,-3.0402010E-03,3
+310.5000E-06,+4.9999999E-03,3
+311.0000E-06,+4.9999999E-03,3
+311.5000E-06,+4.9999999E-03,3
+312.0000E-06,+1.4824120E-03,3
+312.5000E-06,+3.4924622E-03,3
+313.0000E-06,-2.5376885E-03,3
+313.5000E-06,+4.9999999E-03,3
+314.0000E-06,+8.5175878E-03,3
+314.5000E-06,+3.4924622E-03,3
+315.0000E-06,+4.9999999E-03,3
+315.5000E-06,+4.9999999E-03,3
+316.0000E-06,-3.0402010E-03,3
+316.5000E-06,+9.0201003E-03,3
+317.0000E-06,+4.9999999E-03,3
+317.5000E-06,-3.0402010E-03,3
+318.0000E-06,-3.0402010E-03,3
+318.5000E-06,-1.0301508E-03,3
+319.0000E-06,+4.9999999E-03,3
+319.5000E-06,+2.9899497E-03,2
+320.0000E-06,+979.8994E-06,2
+320.5000E-06,+3.4924622E-03,2
+321.0000E-06,+4.9999999E-03,2
+321.5000E-06,+2.9899497E-03,2
+322.0000E-06,+4.9999999E-03,2
+322.5000E-06,+4.9999999E-03,2
+323.0000E-06,+4.9999999E-03,2
+323.5000E-06,-3.0402010E-03,2
+324.0000E-06,-3.0402010E-03,2
+324.5000E-06,-3.0402010E-03,2
+325.0000E-06,+4.9999999E-03,2
+325.5000E-06,-527.6382E-06,2
+326.0000E-06,-3.0402010E-03,2
+326.5000E-06,-3.0402010E-03,2
+327.0000E-06,+4.9999999E-03,2
+327.5000E-06,+2.9899497E-03,2
+328.0000E-06,+979.8994E-06,2
+328.5000E-06,+4.9999999E-03,2
+329.0000E-06,+12.5376882E-03,2
+329.5000E-06,-527.6382E-06,2
+330.0000E-06,+1.4824120E-03,2
+330.5000E-06,-4.5477387E-03,2
+331.0000E-06,+4.9999999E-03,2
+331.5000E-06,+4.9999999E-03,2
+332.0000E-06,-6.5577889E-03,2
+332.5000E-06,-1.0301508E-03,2
+333.0000E-06,-3.0402010E-03,2
+333.5000E-06,+2.9899497E-03,2
+334.0000E-06,+979.8994E-06,2
+334.5000E-06,-3.0402010E-03,2
+335.0000E-06,-3.0402010E-03,2
+335.5000E-06,+4.9999999E-03,2
+336.0000E-06,+1.4824120E-03,2
+336.5000E-06,-3.0402010E-03,2
+337.0000E-06,+4.9999999E-03,2
+337.5000E-06,+2.9899497E-03,2
+338.0000E-06,-3.0402010E-03,2
+338.5000E-06,+1.4824120E-03,2
+339.0000E-06,-2.5376885E-03,2
+339.5000E-06,-527.6382E-06,2
+340.0000E-06,+1.4824120E-03,2
+340.5000E-06,+3.4924622E-03,2
+341.0000E-06,+4.9999999E-03,2
+341.5000E-06,-527.6382E-06,2
+342.0000E-06,+1.4824120E-03,2
+342.5000E-06,-1.0301508E-03,2
+343.0000E-06,-2.5376885E-03,2
+343.5000E-06,-3.0402010E-03,2
+344.0000E-06,+979.8994E-06,2
+344.5000E-06,+4.9999999E-03,0
+345.0000E-06,-2.5376885E-03,0
+345.5000E-06,-3.0402010E-03,0
+346.0000E-06,+1.4824120E-03,0
+346.5000E-06,-3.0402010E-03,0
+347.0000E-06,+4.9999999E-03,0
+347.5000E-06,-3.0402010E-03,0
+348.0000E-06,+1.4824120E-03,0
+348.5000E-06,+4.9999999E-03,0
+349.0000E-06,+4.9999999E-03,0
+349.5000E-06,-527.6382E-06,0
+350.0000E-06,-3.0402010E-03,0
+350.5000E-06,+3.4924622E-03,0
+351.0000E-06,+4.9999999E-03,0
+351.5000E-06,+4.9999999E-03,0
+352.0000E-06,-3.0402010E-03,0
+352.5000E-06,+4.9999999E-03,0
+353.0000E-06,+4.9999999E-03,0
+353.5000E-06,+2.9899497E-03,0
+354.0000E-06,+979.8994E-06,0
+354.5000E-06,-3.0402010E-03,0
+355.0000E-06,+4.9999999E-03,0
+355.5000E-06,-527.6382E-06,0
+356.0000E-06,+979.8994E-06,0
+356.5000E-06,+3.4924622E-03,0
+357.0000E-06,+4.9999999E-03,0
+357.5000E-06,-527.6382E-06,0
+358.0000E-06,-3.0402010E-03,0
+358.5000E-06,-3.0402010E-03,0
+359.0000E-06,-3.0402010E-03,0
+359.5000E-06,-527.6382E-06,0
+360.0000E-06,-3.0402010E-03,0
+360.5000E-06,+9.0201003E-03,0
+361.0000E-06,-3.0402010E-03,0
+361.5000E-06,+4.9999999E-03,0
+362.0000E-06,+1.4824120E-03,0
+362.5000E-06,+4.9999999E-03,0
+363.0000E-06,+4.9999999E-03,0
+363.5000E-06,+4.9999999E-03,0
+364.0000E-06,+979.8994E-06,0
+364.5000E-06,+4.9999999E-03,0
+365.0000E-06,-2.5376885E-03,0
+365.5000E-06,-527.6382E-06,0
+366.0000E-06,+979.8994E-06,0
+366.5000E-06,+11.0301506E-03,0
+367.0000E-06,+4.9999999E-03,0
+367.5000E-06,-527.6382E-06,0
+368.0000E-06,+4.9999999E-03,0
+368.5000E-06,-1.0301508E-03,0
+369.0000E-06,-3.0402010E-03,0
+369.5000E-06,+7.0100501E-03,1
+370.0000E-06,+1.4824120E-03,1
+370.5000E-06,-7.0603015E-03,1
+371.0000E-06,+4.9999999E-03,1
+371.5000E-06,-527.6382E-06,1
+372.0000E-06,+1.4824120E-03,1
+372.5000E-06,-3.0402010E-03,1
+373.0000E-06,+4.9999999E-03,1
+373.5000E-06,-527.6382E-06,1
+374.0000E-06,+9.0201003E-03,1
+374.5000E-06,-1.0301508E-03,1
+375.0000E-06,+4.9999999E-03,1
+375.5000E-06,+4.9999999E-03,1
+376.0000E-06,-3.0402010E-03,1
+376.5000E-06,+979.8994E-06,1
+377.0000E-06,-3.0402010E-03,1
+377.5000E-06,-527.6382E-06,1
+378.0000E-06,+1.4824120E-03,1
+378.5000E-06,+4.9999999E-03,1
+379.0000E-06,-2.5376885E-03,1
+379.5000E-06,-3.0402010E-03,1
+380.0000E-06,+1.4824120E-03,1
+380.5000E-06,+4.9999999E-03,1
+381.0000E-06,+4.9999999E-03,1
+381.5000E-06,+8.5175878E-03,1
+382.0000E-06,+979.8994E-06,1
+382.5000E-06,+4.9999999E-03,1
+383.0000E-06,+4.9999999E-03,1
+383.5000E-06,-3.0402010E-03,1
+384.0000E-06,+4.9999999E-03,1
+384.5000E-06,-1.0301508E-03,1
+385.0000E-06,-2.5376885E-03,1
+385.5000E-06,+1.4824120E-03,1
+386.0000E-06,-3.0402010E-03,1
+386.5000E-06,-3.0402010E-03,1
+387.0000E-06,-2.5376885E-03,1
+387.5000E-06,-8.5678392E-03,1
+388.0000E-06,+1.4824120E-03,1
+388.5000E-06,+4.9999999E-03,1
+389.0000E-06,+12.5376882E-03,1
+389.5000E-06,+2.9899497E-03,1
+390.0000E-06,+979.8994E-06,1
+390.5000E-06,+4.9999999E-03,1
+391.0000E-06,+4.9999999E-03,1
+391.5000E-06,-527.6382E-06,1
+392.0000E-06,+979.8994E-06,1
+392.5000E-06,+4.9999999E-03,1
+393.0000E-06,-2.5376885E-03,1
+393.5000E-06,+8.5175878E-03,1
+394.0000E-06,+4.9999999E-03,1
+394.5000E-06,-3.0402010E-03,1
+395.0000E-06,+4.9999999E-03,1
+395.5000E-06,+4.9999999E-03,1
+396.0000E-06,+4.9999999E-03,1
+396.5000E-06,-4.5477387E-03,1
+397.0000E-06,+4.9999999E-03,3
+397.5000E-06,+4.9999999E-03,3
+398.0000E-06,-3.0402010E-03,3
+398.5000E-06,+3.4924622E-03,3
+399.0000E-06,-2.5376885E-03,3
+399.5000E-06,-3.0402010E-03,3
+400.0000E-06,+8.5175878E-03,3
+400.5000E-06,-3.0402010E-03,3
+401.0000E-06,-3.0402010E-03,3
+401.5000E-06,-3.0402010E-03,3
+402.0000E-06,+4.9999999E-03,3
+402.5000E-06,-9.0703517E-03,3
+403.0000E-06,-3.0402010E-03,3
+403.5000E-06,-3.0402010E-03,3
+404.0000E-06,+979.8994E-06,3
+404.5000E-06,-1.0301508E-03,3
+405.0000E-06,+4.9999999E-03,3
+405.5000E-06,+4.9999999E-03,3
+406.0000E-06,-3.0402010E-03,3
+406.5000E-06,+9.0201003E-03,3
+407.0000E-06,+4.9999999E-03,3
+407.5000E-06,-527.6382E-06,3
+408.0000E-06,+8.5175878E-03,3
+408.5000E-06,-3.0402010E-03,3
+409.0000E-06,+4.9999999E-03,3
+409.5000E-06,+4.9999999E-03,3
+410.0000E-06,+4.9999999E-03,3
+410.5000E-06,-1.0301508E-03,3
+411.0000E-06,-3.0402010E-03,3
+411.5000E-06,-3.0402010E-03,3
+412.0000E-06,+4.9999999E-03,3
+412.5000E-06,+3.4924622E-03,3
+413.0000E-06,+13.0402008E-03,3
+413.5000E-06,-527.6382E-06,3
+414.0000E-06,+1.4824120E-03,3
+414.5000E-06,+11.0301506E-03,3
+415.0000E-06,-3.0402010E-03,3
+415.5000E-06,+4.9999999E-03,3
+416.0000E-06,-3.0402010E-03,3
+416.5000E-06,-3.0402010E-03,3
+417.0000E-06,+4.9999999E-03,3
+417.5000E-06,-527.6382E-06,3
+418.0000E-06,+979.8994E-06,3
+418.5000E-06,+3.4924622E-03,3
+419.0000E-06,-3.0402010E-03,3
+419.5000E-06,-3.0402010E-03,3
+420.0000E-06,+979.8994E-06,3
+420.5000E-06,+3.4924622E-03,3
+421.0000E-06,+4.9999999E-03,3
+421.5000E-06,+10.5276380E-03,3
+422.0000E-06,-6.5577889E-03,3
+422.5000E-06,+3.4924622E-03,3
+423.0000E-06,+4.9999999E-03,3
+423.5000E-06,-3.0402010E-03,3
+424.0000E-06,+4.9999999E-03,3
+424.5000E-06,-1.0301508E-03,3
+425.0000E-06,-2.5376885E-03,2
+425.5000E-06,+7.0100501E-03,2
+426.0000E-06,+1.4824120E-03,2
+426.5000E-06,-1.0301508E-03,2
+427.0000E-06,-2.5376885E-03,2
+427.5000E-06,-527.6382E-06,2
+428.0000E-06,+979.8994E-06,2
+428.5000E-06,-1.0301508E-03,2
+429.0000E-06,+13.0402008E-03,2
+429.5000E-06,+4.9999999E-03,2
+430.0000E-06,+1.4824120E-03,2
+430.5000E-06,-3.0402010E-03,2
+431.0000E-06,+4.9999999E-03,2
+431.5000E-06,+4.9999999E-03,2
+432.0000E-06,+1.4824120E-03,2
+432.5000E-06,+11.0301506E-03,2
+433.0000E-06,+4.9999999E-03,2
+433.5000E-06,-3.0402010E-03,2
+434.0000E-06,+4.9999999E-03,2
+434.5000E-06,+4.9999999E-03,2
+435.0000E-06,+12.5376882E-03,2
+435.5000E-06,+2.9899497E-03,2
+436.0000E-06,-2.5376885E-03,2
+436.5000E-06,-1.0301508E-03,2
+437.0000E-06,-3.0402010E-03,2
+437.5000E-06,+2.9899497E-03,2
+438.0000E-06,+4.9999999E-03,2
+438.5000E-06,-3.0402010E-03,2
+439.0000E-06,-3.0402010E-03,2
+439.5000E-06,+4.9999999E-03,2
+440.0000E-06,+4.9999999E-03,2
+440.5000E-06,+4.9999999E-03,2
+441.0000E-06,+4.9999999E-03,2
+441.5000E-06,-3.0402010E-03,2
+442.0000E-06,-3.0402010E-03,2
+442.5000E-06,+4.9999999E-03,2
+443.0000E-06,+4.9999999E-03,2
+443.5000E-06,+2.9899497E-03,2
+444.0000E-06,+1.4824120E-03,2
+444.5000E-06,-3.0402010E-03,2
+445.0000E-06,-3.0402010E-03,2
+445.5000E-06,+2.9899497E-03,2
+446.0000E-06,+4.9999999E-03,2
+446.5000E-06,+3.4924622E-03,2
+447.0000E-06,+4.9999999E-03,2
+447.5000E-06,-3.0402010E-03,2
+448.0000E-06,-3.0402010E-03,2
+448.5000E-06,+4.9999999E-03,2
+449.0000E-06,-2.5376885E-03,2
+449.5000E-06,+4.9999999E-03,2
+450.0000E-06,-3.0402010E-03,2
+450.5000E-06,-3.0402010E-03,2
+451.0000E-06,+4.9999999E-03,2
+451.5000E-06,-3.0402010E-03,2
+452.0000E-06,-3.0402010E-03,2
+452.5000E-06,+4.9999999E-03,0
+453.0000E-06,+4.9999999E-03,0
+453.5000E-06,+4.9999999E-03,0
+454.0000E-06,-3.0402010E-03,0
+454.5000E-06,-3.0402010E-03,0
+455.0000E-06,-2.5376885E-03,0
+455.5000E-06,+4.9999999E-03,0
+456.0000E-06,+4.9999999E-03,0
+456.5000E-06,+4.9999999E-03,0
+457.0000E-06,+4.9999999E-03,0
+457.5000E-06,-3.0402010E-03,0
+458.0000E-06,-3.0402010E-03,0
+458.5000E-06,+3.4924622E-03,0
+459.0000E-06,-2.5376885E-03,0
+459.5000E-06,-527.6382E-06,0
+460.0000E-06,+1.4824120E-03,0
+460.5000E-06,+4.9999999E-03,0
+461.0000E-06,+4.9999999E-03,0
+461.5000E-06,-3.0402010E-03,0
+462.0000E-06,+1.4824120E-03,0
+462.5000E-06,-9.0703517E-03,0
+463.0000E-06,+4.9999999E-03,0
+463.5000E-06,-3.0402010E-03,0
+464.0000E-06,+4.9999999E-03,0
+464.5000E-06,+6.5075376E-03,0
+465.0000E-06,-2.5376885E-03,0
+465.5000E-06,+13.0402008E-03,0
+466.0000E-06,+1.4824120E-03,0
+466.5000E-06,-1.0301508E-03,0
+467.0000E-06,-3.0402010E-03,0
+467.5000E-06,+2.9899497E-03,0
+468.0000E-06,+4.9999999E-03,0
+468.5000E-06,+4.9999999E-03,0
+469.0000E-06,+4.9999999E-03,0
+469.5000E-06,-3.0402010E-03,0
+470.0000E-06,+1.4824120E-03,0
+470.5000E-06,+4.9999999E-03,0
+471.0000E-06,-3.0402010E-03,0
+471.5000E-06,-3.0402010E-03,0
+472.0000E-06,-3.0402010E-03,0
+472.5000E-06,-3.0402010E-03,0
+473.0000E-06,-3.0402010E-03,0
+473.5000E-06,+2.9899497E-03,0
+474.0000E-06,+4.9999999E-03,0
+474.5000E-06,-4.5477387E-03,0
+475.0000E-06,+4.9999999E-03,0
+475.5000E-06,+4.9999999E-03,0
+476.0000E-06,+4.9999999E-03,0
+476.5000E-06,-3.0402010E-03,0
+477.0000E-06,-3.0402010E-03,0
+477.5000E-06,-3.0402010E-03,0
+478.0000E-06,+4.9999999E-03,0
+478.5000E-06,+4.9999999E-03,0
+479.0000E-06,-3.0402010E-03,0
+479.5000E-06,+15.0502510E-03,1
+480.0000E-06,-3.0402010E-03,1
+480.5000E-06,-3.0402010E-03,1
+481.0000E-06,+12.5376882E-03,1
+481.5000E-06,-3.0402010E-03,1
+482.0000E-06,-3.0402010E-03,1
+482.5000E-06,+4.9999999E-03,1
+483.0000E-06,-2.5376885E-03,1
+483.5000E-06,-3.0402010E-03,1
+484.0000E-06,+4.9999999E-03,1
+484.5000E-06,+4.9999999E-03,1
+485.0000E-06,-2.5376885E-03,1
+485.5000E-06,+4.9999999E-03,1
+486.0000E-06,-3.0402010E-03,1
+486.5000E-06,+6.5075376E-03,1
+487.0000E-06,-2.5376885E-03,1
+487.5000E-06,+4.9999999E-03,1
+488.0000E-06,+8.5175878E-03,1
+488.5000E-06,+4.9999999E-03,1
+489.0000E-06,-3.0402010E-03,1
+489.5000E-06,+7.0100501E-03,1
+490.0000E-06,-3.0402010E-03,1
+490.5000E-06,+4.9999999E-03,1
+491.0000E-06,+4.9999999E-03,1
+491.5000E-06,+4.9999999E-03,1
+492.0000E-06,+8.5175878E-03,1
+492.5000E-06,+3.4924622E-03,1
+493.0000E-06,+4.9999999E-03,1
+493.5000E-06,-527.6382E-06,1
+494.0000E-06,-3.0402010E-03,1
+494.5000E-06,-3.0402010E-03,1
+495.0000E-06,-3.0402010E-03,1
+495.5000E-06,-3.0402010E-03,1
+496.0000E-06,+979.8994E-06,1
+496.5000E-06,-3.0402010E-03,1
+497.0000E-06,+4.9999999E-03,1
+497.5000E-06,+4.9999999E-03,1
+498.0000E-06,+4.9999999E-03,1
+498.5000E-06,-1.0301508E-03,1
+499.0000E-06,-2.5376885E-03,1
+499.5000E-06,-3.0402010E-03,1
+500.0000E-06,-3.0402010E-03,1
+500.5000E-06,-3.0402010E-03,1
+501.0000E-06,+4.9999999E-03,1
+501.5000E-06,-527.6382E-06,1
+502.0000E-06,+1.4824120E-03,1
+502.5000E-06,+4.9999999E-03,1
+503.0000E-06,-3.0402010E-03,1
+503.5000E-06,-3.0402010E-03,1
+504.0000E-06,+1.4824120E-03,1
+504.5000E-06,+13.0402008E-03,1
+505.0000E-06,-2.5376885E-03,1
+505.5000E-06,+2.9899497E-03,3
+506.0000E-06,-7.0603015E-03,3
+506.5000E-06,-1.0301508E-03,3
+507.0000E-06,-2.5376885E-03,3
+507.5000E-06,+2.9899497E-03,3
+508.0000E-06,+4.9999999E-03,3
+508.5000E-06,-1.0301508E-03,3
+509.0000E-06,+4.9999999E-03,3
+509.5000E-06,-3.0402010E-03,3
+510.0000E-06,+8.5175878E-03,3
+510.5000E-06,-3.0402010E-03,3
+511.0000E-06,-3.0402010E-03,3
+511.5000E-06,-3.0402010E-03,3
+512.0000E-06,-3.0402010E-03,3
+512.5000E-06,-1.0301508E-03,3
+513.0000E-06,+4.9999999E-03,3
+513.5000E-06,+4.9999999E-03,3
+514.0000E-06,+4.9999999E-03,3
+514.5000E-06,+6.5075376E-03,3
+515.0000E-06,+4.9999999E-03,3
+515.5000E-06,-527.6382E-06,3
+516.0000E-06,-3.0402010E-03,3
+516.5000E-06,+4.9999999E-03,3
+517.0000E-06,-3.0402010E-03,3
+517.5000E-06,-3.0402010E-03,3
+518.0000E-06,+979.8994E-06,3
+518.5000E-06,-1.0301508E-03,3
+519.0000E-06,-3.0402010E-03,3
+519.5000E-06,-527.6382E-06,3
+520.0000E-06,-3.0402010E-03,3
+520.5000E-06,+3.4924622E-03,3
+521.0000E-06,+4.9999999E-03,3
+521.5000E-06,-3.0402010E-03,3
+522.0000E-06,+979.8994E-06,3
+522.5000E-06,+3.4924622E-03,3
+523.0000E-06,-2.5376885E-03,3
+523.5000E-06,+7.0100501E-03,3
+524.0000E-06,-3.0402010E-03,3
+524.5000E-06,-1.0301508E-03,3
+525.0000E-06,+4.9999999E-03,3
+525.5000E-06,+7.0100501E-03,3
+526.0000E-06,+1.4824120E-03,3
+526.5000E-06,-1.0301508E-03,3
+527.0000E-06,+4.9999999E-03,3
+527.5000E-06,+2.9899497E-03,3
+528.0000E-06,+4.9999999E-03,3
+528.5000E-06,-3.0402010E-03,3
